rest area visitors,what is this
0.405829,0.803107
0.186257,0.313293
0.423883,0.224589
0.959373,0.725886
